Feature,Importance
Estimated_MSME_Count,0.325684951629383
Estimated_Business_Density,0.13381781153152458
Estimated_Population_Coverage,0.12874372505379916
Pincode_Numeric,0.09011114316065208
Names_of_Regional__Branch__Satellite_Offices,0.08493386570584979
Regional_and_Branch_Code,0.07822832285289454
Estimated_Distance_Index,0.05727505284085386
Designation,0.05600870646427164
Office_Type,0.03860733661060291
Phone_Count,0.006589084150168335
District,0.0
Has_Email,0.0
