,precision,recall,f1-score,support
High,1.0,0.75,0.8571428571428571,4.0
Low,0.75,1.0,0.8571428571428571,3.0
Medium,0.6666666666666666,0.6666666666666666,0.6666666666666666,3.0
accuracy,0.8,0.8,0.8,0.8
macro avg,0.8055555555555555,0.8055555555555555,0.7936507936507936,10.0
weighted avg,0.825,0.8,0.8,10.0
